<?xml version="1.0" encoding="UTF-8"?>
<faces-config xmlns="http://java.sun.com/xml/ns/javaee"
	xmlns:xsi="http://www.w3.org/2001/XMLSchema-instance"
	xsi:schemaLocation="http://java.sun.com/xml/ns/javaee http://java.sun.com/xml/ns/javaee/web-facesconfig_2_0.xsd"
	version="2.0">

	<navigation-rule>
		<from-view-id>/login.xhtml</from-view-id>
		<navigation-case>
			<from-outcome>FAILED</from-outcome>
			<to-view-id>/login.xhtml</to-view-id>
			<redirect />
		</navigation-case>
		<navigation-case>
			<from-outcome>LOGGED IN</from-outcome>
			<to-view-id>/admin/admin.xhtml</to-view-id>
			<redirect />
		</navigation-case>
	</navigation-rule>
	<navigation-rule>
		<from-view-id>/admin/admin.xhtml</from-view-id>
		<navigation-case>
			<from-outcome>MODIFY</from-outcome>
			<to-view-id>/admin/modify.xhtml</to-view-id>
			<redirect />
		</navigation-case>
		<navigation-case>
			<from-outcome>ADJUST</from-outcome>
			<to-view-id>/admin/adjustItemStock.xhtml</to-view-id>
			<redirect />
		</navigation-case>
	</navigation-rule>
	<navigation-rule>
		<from-view-id>/admin/modify.xhtml</from-view-id>
		<navigation-case>
			<from-outcome>SUCCESS</from-outcome>
			<to-view-id>/admin/admin.xhtml</to-view-id>
			<redirect />
		</navigation-case>
	</navigation-rule>
	<navigation-rule>
		<from-view-id>/admin/adjustItemStock.xhtml</from-view-id>
		<navigation-case>
			<from-outcome>SUCCESS</from-outcome>
			<to-view-id>/admin/admin.xhtml</to-view-id>
			<redirect />
		</navigation-case>
	</navigation-rule>
</faces-config>
